INSERT INTO klienci (ID_klienta, imie, nazwisko, ulica, nr_domu, kod_pocztowy, miejscowosc)
VALUES
 (DEFAULT, 'Janusz', 'Kot', 'Miejska', '24', '24-025', 'Lublin'),
 (DEFAULT, 'Marcin', 'Flaga', 'Piłsudkiego', '24', '54-035', 'Rzeszów'),
 (DEFAULT, 'Adrian', 'Jezierski', '3-maja', '24', '24-045', 'Warszawa'),
 (DEFAULT, 'Rafał', 'Bąk', 'Matejki', '24', '44-035', 'Lublin'),
 (DEFAULT, 'Rafał', 'Kloc', 'Matejki', '24', '24-055', 'Wrocław'),
 (DEFAULT, 'Janusz', 'Szczęch', 'Miejska', '24', '14-035', 'Wrocław'),
 (DEFAULT, 'Janusz', 'Rak', 'Miejska', '24', '24-035', 'Wrocław'),
 (DEFAULT, 'Marcin', 'Kot', 'Piłsudkiego', '24', '64-025', 'Rzeszów'),
 (DEFAULT, 'Janusz', 'Kot', 'Matejki', '24', '24-035', 'Warszawa'),
 (DEFAULT, 'Adrian', 'Opat', '3-maja', '24', '24-035', 'Warszawa'),
 (DEFAULT, 'Rafał', 'Kot', 'Miejska', '24', '34-015', 'Lublin'),
 (DEFAULT, 'Rafał', 'Kot', '3-maja', '24', '24-035', 'Wrocław'),
 (DEFAULT, 'Marcin', 'Kot', 'Matejki', '24', '24-035', 'Lublin'),
 (DEFAULT, 'Rafał', 'Jedenasty', 'Piłsudkiego', '24', '24-035', 'Lublin'),
 (DEFAULT, 'Rafał', 'Kot', 'Miejska', '24', '54-035', 'Wrocław'),
 (DEFAULT, 'Marcin', 'Kot', '3-maja', '24', '27-035', 'Lublin'),
 (DEFAULT, 'Adrian', 'Kot', 'Miejska', '24', '24-035', 'Lublin'),
 (DEFAULT, 'Rafał', 'Kot', 'Piłsudkiego', '24', '45-065', 'Warszawa'),
 (DEFAULT, 'Marcin', 'Ostatni', 'Miejska', '24', '34-035', 'Wrocław'),
 (DEFAULT, 'Janusz', 'Kot', '3-maja', '24', '24-045', 'Lublin'),
 (DEFAULT, 'Adrian', 'Testowy', 'Miejska', '24', '24-035', 'Wrocław'),
 (DEFAULT, 'Marcin', 'Kot', 'Piłsudkiego', '24', '24-075', 'Lublin'),
 (DEFAULT, 'Rafał', 'Rekordowy', '3-maja', '24', '44-039', 'Warszawa'),
 (DEFAULT, 'Rafał', 'Kot', 'Matejki', '24', '34-035', 'Wrocław'),
 (DEFAULT, 'Janusz', 'Kot', 'Miejska', '24', '44-039', 'Lublin'),
 (DEFAULT, 'Marcin', 'Kot', 'Piłsudkiego', '24', '24-035', 'Lublin'),
 (DEFAULT, 'Janusz', 'Pierwszy', 'Miejska', '24', '54-005', 'Lublin'),
 (DEFAULT, 'Adrian', 'Kot', '3-maja', '24', '24-035', 'Warszawa'),
 (DEFAULT, 'Rafał', 'Bazowy', 'Matejki', '24', '14-035', 'Lublin'),
 (DEFAULT, 'Janusz', 'Kot', 'Piłsudkiego', '24', '04-085', 'Warszawa'),
 (DEFAULT, 'Janusz', 'Kot', 'Matejki', '24', '24-003', 'Lublin'),
 (DEFAULT, 'Rafał', 'Nazwisko', '3-maja', '24', '04-000', 'Warszawa'),
 (DEFAULT, 'Janusz', 'Kot', '3-maja', '24', '04-035', 'Rzeszów'),
 (DEFAULT, 'Rafał', 'Kot', 'Miejska', '24', '20-035', 'Lublin'),
 (DEFAULT, 'Mariusz', 'Pies', 'Piłsudskiego', '11', '30-235', 'Rzeszów');
 
 
INSERT INTO konta (ID_konta, ID_klienta, login, haslo)
VALUES
 (DEFAULT, '1', 'login11', 'kot123'),
 (DEFAULT, '2', 'login12', 'kot123'),
 (DEFAULT, '3', 'login13', 'kot123'),
 (DEFAULT, '4', 'login14', 'kot123'),
 (DEFAULT, '5', 'login15', 'kot123'),
 (DEFAULT, '6', 'login16', 'kot123'),
 (DEFAULT, '7', 'login17', 'kot123'),
 (DEFAULT, '8', 'login18', 'kot123'),
 (DEFAULT, '9', 'login19', 'kot123'),
 (DEFAULT, '10', 'login23', 'kot123'),
 (DEFAULT, '11', 'logi', 'kot123'),
 (DEFAULT, '12', 'lon11', 'kot123'),
 (DEFAULT, '13', 'lon11', 'kot123'),
 (DEFAULT, '14', 'loin11', 'kot123'),
 (DEFAULT, '15', 'lin11', 'kot123'),
 (DEFAULT, '16', 'logi1122', 'kot123'),
 (DEFAULT, '17', 'login1441', 'kot123'),
 (DEFAULT, '18', 'logn1154', 'kot123'),
 (DEFAULT, '19', 'login1132', 'kot123'),
 (DEFAULT, '20', 'logn1111', 'kot123'),
 (DEFAULT, '21', 'login1123', 'kot123'),
 (DEFAULT, '22', 'logn1134', 'kot123'),
 (DEFAULT, '23', 'login1153', 'kot123'),
 (DEFAULT, '24', 'login151', 'kot123'),
 (DEFAULT, '25', 'lgin1451', 'kot123'),
 (DEFAULT, '26', 'logn161', 'kot123'),
 (DEFAULT, '27', 'login116', 'kot123'),
 (DEFAULT, '28', 'login1109', 'kot123'),
 (DEFAULT, '29', 'login1125', 'kot123'),
 (DEFAULT, '30', 'login1135', 'kot123'),
 (DEFAULT, '31', 'login1165', 'kot123'),
 (DEFAULT, '32', 'login1175', 'kot123'),
 (DEFAULT, '33', 'login1178', 'kot123'),
 (DEFAULT, '34', 'login1134', 'kot123'),
 (DEFAULT, '35', 'login2244', 'pies123');


INSERT INTO produkty (ID_produktu, nazwa, kategoria)
VALUES
 (DEFAULT, 'Margherita', 'Jedzenie'),
 (DEFAULT, 'Umberto', 'Jedzenie'),
 (DEFAULT, 'Romana', 'Jedzenie'),
 (DEFAULT, 'Hawajska', 'Jedzenie'),
 (DEFAULT, 'Czekoladowa', 'Jedzenie'),
 (DEFAULT, 'Meksykańska', 'Jedzenie'),
 (DEFAULT, 'Vesuvio', 'Jedzenie'),
 (DEFAULT, 'Primavera', 'Jedzenie'),
 (DEFAULT, 'Vegetariana', 'Jedzenie'),
 (DEFAULT, 'Diablo', 'Jedzenie'),
 (DEFAULT, 'Feta', 'Jedzenie'),
 (DEFAULT, 'Neapolitana', 'Jedzenie'),
 (DEFAULT, 'Carbonara', 'Jedzenie'),
 (DEFAULT, 'Frytki', 'Jedzenie'),
 (DEFAULT, 'Kebab', 'Jedzenie'),
 (DEFAULT, 'Zapiekanka', 'Jedzenie'),
 (DEFAULT, 'Hamburger', 'Jedzenie'),
 (DEFAULT, 'Tortilla', 'Jedzenie'),
 (DEFAULT, 'Cola', 'Napoje'),
 (DEFAULT, 'Sprite', 'Napoje'),
 (DEFAULT, 'Mirinda', 'Napoje'),
 (DEFAULT, 'Woda', 'Napoje'),
 (DEFAULT, 'Piwo', 'Napoje'),
 (DEFAULT, 'RedBull', 'Napoje'),
 (DEFAULT, 'Sok', 'Napoje');
 
 

INSERT INTO dane_produktow (ID_produktu, cena)
VALUES
 ('1', '20'),
 ('2', '25'),
 ('3', '24'),
 ('4', '23'),
 ('5', '26'),
 ('6', '23'),
 ('7', '25'),
 ('8', '22'),
 ('9', '28'),
 ('10', '30'),
 ('11', '26'),
 ('12', '27'),
 ('13', '24'),
 ('14', '6'),
 ('15', '8'),
 ('16', '8'),
 ('17', '12'),
 ('18', '10'),
 ('19', '5'),
 ('20', '4'),
 ('21', '4'),
 ('22', '3'),
 ('23', '3'),
 ('24', '8'),
 ('25', '6');


INSERT INTO kelnerzy (ID_kelnera, imie, nazwisko, telefon)
VALUES
 (DEFAULT, 'Maciej', 'Pisarz', '748345128'),
 (DEFAULT, 'Marcin', 'Biurko', '987564987'),
 (DEFAULT, 'Agata', 'Majka', '746534311'),
 (DEFAULT, 'Beata', 'Szydełko', '987872871'),
 (DEFAULT, 'Adrian', 'Chwalka', '556834518'),
 (DEFAULT, 'Kamil', 'Kowal', '968564987');
 
 
INSERT INTO dane_kelnerow (ID_kelnera, pesel, ulica, nr_domu, kod_pocztowy, miejscowosc, pensja)
VALUES
 ('1', '19876529854', '3-maja', '12', '24-000', 'Warszawa', '2200'),
 ('2', '76289574830', 'Niepodleglosci', '1', '54-221', 'Wrocław', '2300'),
 ('3', '68643429854', 'Ostatnia', '17', '24-075', 'Rzeszów', '2400'),
 ('4', '87389994830', 'Bursztynowa', '22', '66-221', 'Lublin', '2300'),
 ('5', '12365743854', 'Pisowska', '42', '28-030', 'Wrocław', '2200'),
 ('6', '79543254830', 'Palmowa', '197', '52-227', 'Rzeszów', '2350');
 

INSERT INTO dostawcy (ID_dostawcy, imie, nazwisko, telefon)
VALUES
 (DEFAULT, 'Agata', 'Tlen', '175656845'),
 (DEFAULT, 'Patryk', 'Osa', '234005494'),
 (DEFAULT, 'Adrian', 'Szlachta', '126432245'),
 (DEFAULT, 'Patryk', 'Majda', '264326694'),
 (DEFAULT, 'Robert', 'Ułomny', '126432245');
 
 
INSERT INTO dane_dostawcow (ID_dostawcy, pesel, ulica, nr_domu, kod_pocztowy, miejscowosc, pensja)
VALUES
 ('1', '85472658473', '5-maja', '16', '24-600', 'Gdańsk', '2500'),
 ('2', '29557445501', 'Takasobie', '5', '24-541', 'Rzeszów', '2800'),
 ('3', '89633553173', '3-maja', '66', '24-665', 'Lublin', '2500'),
 ('4', '29866573901', 'Niepodległości', '75', '24-521', 'Wrocław', '2800'),
 ('5', '85408643673', 'Komiczna', '89', '24-64', 'Rzeszów', '2500');
 
 
INSERT INTO zamowienia (ID_zamowienia, ID_konta, ID_kelnera, ID_dostawcy, opis, data)
VALUES
 (DEFAULT, '1', '2', '1', 'zamowienie1', '2018-02-04'),
 (DEFAULT, '2', '2', '1', 'carbonara i margherita', '2018-02-05'),
 (DEFAULT, '2', '2', '2', 'margherita', '2018-02-06'),
 (DEFAULT, '3', '5', '2', 'carbonara', '2018-02-04'),
 (DEFAULT, '3', '6', '2', 'carbonara i margherita', '2018-02-06'),
 (DEFAULT, '4', '6', '3', 'margherita', '2018-03-04'),
 (DEFAULT, '5', '6', '3', 'carbonara', '2018-03-04'),
 (DEFAULT, '6', '5', '3', 'carbonara i margherita', '2018-03-04'),
 (DEFAULT, '8', '4', '4', 'margherita', '2018-03-04'),
 (DEFAULT, '3', '4', '5', 'carbonara', '2018-03-04'),
 (DEFAULT, '2', '3', '5', 'carbonara i margherita', '2018-03-04'),
 (DEFAULT, '2', '2', '5', 'margherita', '2018-03-04'),
 (DEFAULT, '7', '3', '4', 'carbonara', '2018-02-04'),
 (DEFAULT, '16', '1', '3', 'carbonara i margherita', '2018-04-04'),
 (DEFAULT, '20', '1', '3', 'margherita', '2018-05-04'),
 (DEFAULT, '32', '2', '2', 'carbonara', '2018-05-04'),
 (DEFAULT, '5', '4', '1', 'carbonara i margherita', '2018-05-04'),
 (DEFAULT, '2', '5', '2', 'margherita', '2018-06-04'),
 (DEFAULT, '25', '6', '4', 'carbonara', '2018-06-04'),
 (DEFAULT, '5', '6', '5', 'carbonara i margherita', '2018-06-04'),
 (DEFAULT, '9', '6', '2', 'margherita', '2018-06-04'),
 (DEFAULT, '10', '5', '1', 'carbonara', '2018-06-04'),
 (DEFAULT, '21', '3', '5', 'carbonara i margherita', '2018-07-04'),
 (DEFAULT, '26', '4', '2', 'margherita', '2018-07-04'),
 (DEFAULT, '18', '5', '4', 'carbonara', '2018-07-04'),
 (DEFAULT, '23', '2', '5', 'carbonara i margherita', '2018-07-04'),
 (DEFAULT, '25', '1', '2', 'margherita', '2018-08-04'),
 (DEFAULT, '12', '2', '3', 'carbonara', '2018-08-04'),
 (DEFAULT, '27', '2', '2', 'carbonara i margherita', '2018-09-04'),
 (DEFAULT, '2', '3', '2', 'margherita', '2018-09-04'),
 (DEFAULT, '1', '3', '5', 'carbonara', '2018-09-04'),
 (DEFAULT, '5', '5', '5', 'carbonara i margherita', '2018-12-04'),
 (DEFAULT, '3', '6', '2', 'margherita', '2018-12-04'),
 (DEFAULT, '4', '5', '3', 'carbonara', '2019-02-04'),
 (DEFAULT, '6', '5', '3', 'carbonara i margherita', '2019-02-10'),
 (DEFAULT, '35', '2', '4', 'margherita', '2019-03-05'),
 (DEFAULT, '34', '1', '5', 'carbonara', '2019-04-14'),
 (DEFAULT, '33', '4', '5', 'carbonara i margherita', '2019-05-04'),
 (DEFAULT, '32', '5', '4', 'margherita', '2019-05-04'),
 (DEFAULT, '6', '6', '5', 'carbonara', '2019-05-04'),
 (DEFAULT, '22', '6', '3', 'carbonara i margherita', '2019-05-04'),
 (DEFAULT, '18', '3', '4', 'margherita', '2019-06-04'),
 (DEFAULT, '15', '5', '2', 'carbonara', '2019-06-04'),
 (DEFAULT, '12', '2', '1', 'carbonara i margherita', '2019-06-04'),
 (DEFAULT, '16', '1', '2', 'margherita', '2019-06-04'),
 (DEFAULT, '18', '6', '4', 'carbonara', '2019-06-04'),
 (DEFAULT, '19', '5', '5', 'carbonara i margherita', '2019-06-04'),
 (DEFAULT, '23', '1', '4', 'margherita', '2019-06-04'),
 (DEFAULT, '1', '3', '3', 'carbonara', '2019-07-04'),
 (DEFAULT, '2', '2', '3', 'carbonara i margherita', '2019-08-04'),
 (DEFAULT, '3', '2', '3', 'margherita', '2019-07-04'),
 (DEFAULT, '5', '1', '5', 'carbonara', '2020-01-04'),
 (DEFAULT, '1', '1', '5', 'carbonara i margherita', '2020-01-04'),
 (DEFAULT, '27', '4', '4', 'margherita', '2020-02-04'),
 (DEFAULT, '7', '5', '4', 'carbonara', '2020-02-04'),
 (DEFAULT, '5', '6', '4', 'carbonara i margherita', '2020-02-04'),
 (DEFAULT, '3', '2', '5', 'margherita', '2020-02-04'),
 (DEFAULT, '3', '2', '5', 'carbonara', '2020-03-04'),
 (DEFAULT, '11', '3', '3', 'carbonara i margherita', '2020-04-04'),
 (DEFAULT, '10', '4', '4', 'margherita', '2020-04-04'),
 (DEFAULT, '20', '5', '2', 'carbonara', '2020-04-04'),
 (DEFAULT, '20', '3', '2', 'carbonara i margherita', '2020-04-04'),
 (DEFAULT, '26', '2', '5', 'margherita', '2020-05-04'),
 (DEFAULT, '29', '4', '5', 'carbonara', '2020-05-04'),
 (DEFAULT, '19', '6', '3', 'carbonara i margherita', '2020-05-04'),
 (DEFAULT, '29', '6', '2', 'margherita', '2020-04-04'),
 (DEFAULT, '27', '5', '1', 'carbonara', '2020-05-04'),
 (DEFAULT, '26', '5', '1', 'carbonara i margherita', '2019-05-04'),
 (DEFAULT, '10', '2', '2', 'margherita', '2020-03-04'),
 (DEFAULT, '12', '3', '1', 'carbonara', '2020-02-04'),
 (DEFAULT, '23', '5', '1', 'carbonara i margherita', '2020-06-04'),
 (DEFAULT, '17', '2', '2', 'margherita', '2020-06-05');
 
 
 
 
INSERT INTO zamowienia_produkty (ID_zamowienia_produkty, ID_zamowienia, ID_produktu)
VALUES
 (DEFAULT, '1', '2'),
 (DEFAULT, '2', '2'),
 (DEFAULT, '2', '3'),
 (DEFAULT, '3', '4'),
 (DEFAULT, '3', '5'),
 (DEFAULT, '3', '6'),
 (DEFAULT, '4', '2'),
 (DEFAULT, '5', '3'),
 (DEFAULT, '6', '5'),
 (DEFAULT, '7', '2'),
 (DEFAULT, '8', '11'),
 (DEFAULT, '9', '12'),
 (DEFAULT, '10', '24'),
 (DEFAULT, '10', '25'),
 (DEFAULT, '11', '15'),
 (DEFAULT, '12', '25'),
 (DEFAULT, '12', '23'),
 (DEFAULT, '13', '24'),
 (DEFAULT, '14', '1'),
 (DEFAULT, '15', '3'),
 (DEFAULT, '16', '5'),
 (DEFAULT, '16', '4'),
 (DEFAULT, '17', '6'),
 (DEFAULT, '18', '7'),
 (DEFAULT, '19', '8'),
 (DEFAULT, '19', '9'),
 (DEFAULT, '19', '10'),
 (DEFAULT, '20', '21'),
 (DEFAULT, '21', '25'),
 (DEFAULT, '22', '14'),
 (DEFAULT, '23', '23'),
 (DEFAULT, '24', '13'),
 (DEFAULT, '25', '1'),
 (DEFAULT, '26', '2'),
 (DEFAULT, '26', '2'),
 (DEFAULT, '27', '1'),
 (DEFAULT, '27', '2'),
 (DEFAULT, '27', '5'),
 (DEFAULT, '27', '3'),
 (DEFAULT, '27', '2'),
 (DEFAULT, '27', '6'),
 (DEFAULT, '28', '17'),
 (DEFAULT, '29', '16'),
 (DEFAULT, '30', '18'),
 (DEFAULT, '31', '19'),
 (DEFAULT, '32', '20'),
 (DEFAULT, '33', '20'),
 (DEFAULT, '34', '10'),
 (DEFAULT, '35', '22'),
 (DEFAULT, '36', '23'),
 (DEFAULT, '37', '24'),
 (DEFAULT, '38', '25'),
 (DEFAULT, '39', '26'),
 (DEFAULT, '40', '17'),
 (DEFAULT, '41', '28'),
 (DEFAULT, '42', '23'),
 (DEFAULT, '43', '23'),
 (DEFAULT, '44', '24'),
 (DEFAULT, '45', '12'),
 (DEFAULT, '46', '5'),
 (DEFAULT, '47', '6'),
 (DEFAULT, '48', '7'),
 (DEFAULT, '49', '3'),
 (DEFAULT, '50', '2'),
 (DEFAULT, '52', '7'),
 (DEFAULT, '51', '8'),
 (DEFAULT, '53', '9'),
 (DEFAULT, '54', '3'),
 (DEFAULT, '55', '10'),
 (DEFAULT, '56', '20'),
 (DEFAULT, '57', '20'),
 (DEFAULT, '58', '10'),
 (DEFAULT, '59', '16'),
 (DEFAULT, '60', '17'),
 (DEFAULT, '61', '5'),
 (DEFAULT, '62', '12'),
 (DEFAULT, '63', '13'),
 (DEFAULT, '64', '4'),
 (DEFAULT, '65', '5'),
 (DEFAULT, '66', '6'),
 (DEFAULT, '67', '7'),
 (DEFAULT, '68', '8'),
 (DEFAULT, '69', '9'),
 (DEFAULT, '70', '10'),
 (DEFAULT, '71', '20'),
 (DEFAULT, '72', '22'),
 (DEFAULT, '55', '21'),
 (DEFAULT, '65', '23'),
 (DEFAULT, '34', '24'),
 (DEFAULT, '23', '25'),
 (DEFAULT, '54', '17'),
 (DEFAULT, '64', '17'),
 (DEFAULT, '71', '18'),
 (DEFAULT, '23', '19'),
 (DEFAULT, '54', '21'),
 (DEFAULT, '73', '20'),
 (DEFAULT, '56', '10'),
 (DEFAULT, '71', '11'),
 (DEFAULT, '64', '11'),
 (DEFAULT, '34', '23'),
 (DEFAULT, '54', '24'),
 (DEFAULT, '23', '22'),
 (DEFAULT, '54', '12'),
 (DEFAULT, '65', '5'),
 (DEFAULT, '34', '6'),
 (DEFAULT, '23', '7'),
 (DEFAULT, '11', '8'),
 (DEFAULT, '1', '9'),
 (DEFAULT, '2', '9'),
 (DEFAULT, '23', '9'),
 (DEFAULT, '46', '10'),
 (DEFAULT, '34', '21'),
 (DEFAULT, '21', '22'),
 (DEFAULT, '23', '13'),
 (DEFAULT, '31', '24'),
 (DEFAULT, '55', '22'),
 (DEFAULT, '56', '11'),
 (DEFAULT, '57', '20'),
 (DEFAULT, '58', '20'),
 (DEFAULT, '34', '25'),
 (DEFAULT, '54', '23'),
 (DEFAULT, '32', '16'),
 (DEFAULT, '33', '17'),
 (DEFAULT, '44', '23'),
 (DEFAULT, '55', '18'),
 (DEFAULT, '66', '19'),
 (DEFAULT, '71', '22'),
 (DEFAULT, '23', '23'),
 (DEFAULT, '12', '1'),
 (DEFAULT, '13', '2'),
 (DEFAULT, '14', '3'),
 (DEFAULT, '15', '1');
 
 